Domain	Phylum	Class	SampleID	MouseModel	MouseID	Cancer	SmokeExp	AntibioticExp	TumorImp	Treatment	TumorWeight_avg	TumorWeight_sd	Study	Taxon	NormalizedCounts	RelativeAbundance	PercentAbundance	RawCounts
Bacteria	Actinobacteriota	Actinobacteria	CTRL1-S106	WT	CTRL1	Pancreatic	No	None	Post	Control	191.29	42.01	Neo-Pancreatic	Bacteria_/_Actinobacteriota_/_Actinobacteria	0	0	0	0
Bacteria	Actinobacteriota	Actinobacteria	CTRL10-S112	WT	CTRL10	Pancreatic	No	None	Post	Control	191.29	42.01	Neo-Pancreatic	Bacteria_/_Actinobacteriota_/_Actinobacteria	0	0	0	0
Bacteria	Actinobacteriota	Actinobacteria	CTRL2-S111	WT	CTRL2	Pancreatic	No	None	Post	Control	191.29	42.01	Neo-Pancreatic	Bacteria_/_Actinobacteriota_/_Actinobacteria	0	0	0	0
Bacteria	Actinobacteriota	Actinobacteria	CTRL3-S116	WT	CTRL3	Pancreatic	No	None	Post	Control	191.29	42.01	Neo-Pancreatic	Bacteria_/_Actinobacteriota_/_Actinobacteria	0	0	0	0
Bacteria	Actinobacteriota	Actinobacteria	CTRL4-S121	WT	CTRL4	Pancreatic	No	None	Post	Control	191.29	42.01	Neo-Pancreatic	Bacteria_/_Actinobacteriota_/_Actinobacteria	0	0	0	0
Bacteria	Actinobacteriota	Actinobacteria	CTRL6-S131	WT	CTRL6	Pancreatic	No	None	Post	Control	191.29	42.01	Neo-Pancreatic	Bacteria_/_Actinobacteriota_/_Actinobacteria	0	0	0	0
Bacteria	Actinobacteriota	Actinobacteria	CTRL7-S136	WT	CTRL7	Pancreatic	No	None	Post	Control	191.29	42.01	Neo-Pancreatic	Bacteria_/_Actinobacteriota_/_Actinobacteria	0	0	0	0
Bacteria	Actinobacteriota	Actinobacteria	CTRL8-S141	WT	CTRL8	Pancreatic	No	None	Post	Control	191.29	42.01	Neo-Pancreatic	Bacteria_/_Actinobacteriota_/_Actinobacteria	0	0	0	0
Bacteria	Actinobacteriota	Actinobacteria	CTRL9-S107	WT	CTRL9	Pancreatic	No	None	Post	Control	191.29	42.01	Neo-Pancreatic	Bacteria_/_Actinobacteriota_/_Actinobacteria	0	0	0	0
Bacteria	Actinobacteriota	Actinobacteria	Neo1-S133	WT	Neo1	Pancreatic	No	Neomycin	Post	Neomycin only	NA	NA	Neo-Pancreatic	Bacteria_/_Actinobacteriota_/_Actinobacteria	0.375663613960885	0.000971473990991787	0.0971473990991787	11
Bacteria	Actinobacteriota	Actinobacteria	Neo2-S138	WT	Neo2	Pancreatic	No	Neomycin	Post	Neomycin only	NA	NA	Neo-Pancreatic	Bacteria_/_Actinobacteriota_/_Actinobacteria	1.34488327936986	0.00564311473220248	0.564311473220248	169
Bacteria	Actinobacteriota	Actinobacteria	Neo3-S143	WT	Neo3	Pancreatic	No	Neomycin	Post	Neomycin only	NA	NA	Neo-Pancreatic	Bacteria_/_Actinobacteriota_/_Actinobacteria	1.11809931207799	0.00512143611404435	0.512143611404435	97
Bacteria	Actinobacteriota	Actinobacteria	Neo4-S109	WT	Neo4	Pancreatic	No	Neomycin	Post	Neomycin only	NA	NA	Neo-Pancreatic	Bacteria_/_Actinobacteriota_/_Actinobacteria	1.1832698436828	0.00564775823631409	0.564775823631409	114
Bacteria	Actinobacteriota	Actinobacteria	Neo5-S114	WT	Neo5	Pancreatic	No	Neomycin	Post	Neomycin only	NA	NA	Neo-Pancreatic	Bacteria_/_Actinobacteriota_/_Actinobacteria	1.27588696030123	0.0057229759474927	0.57229759474927	143
Bacteria	Actinobacteriota	Actinobacteria	Neo6-S119	WT	Neo6	Pancreatic	No	Neomycin	Post	Neomycin only	NA	NA	Neo-Pancreatic	Bacteria_/_Actinobacteriota_/_Actinobacteria	1.25527250510331	0.00472977672671628	0.472977672671628	136
Bacteria	Actinobacteriota	Actinobacteria	Neo7-S124	WT	Neo7	Pancreatic	No	Neomycin	Post	Neomycin only	NA	NA	Neo-Pancreatic	Bacteria_/_Actinobacteriota_/_Actinobacteria	1.21418130866382	0.00466686902413113	0.466686902413113	123
Bacteria	Actinobacteriota	Actinobacteria	Neo8-S129	WT	Neo8	Pancreatic	No	Neomycin	Post	Neomycin only	NA	NA	Neo-Pancreatic	Bacteria_/_Actinobacteriota_/_Actinobacteria	1.53781909507327	0.00983955648566288	0.983955648566288	268
Bacteria	Actinobacteriota	Actinobacteria	Neo9-S134	WT	Neo9	Pancreatic	No	Neomycin	Post	Neomycin only	NA	NA	Neo-Pancreatic	Bacteria_/_Actinobacteriota_/_Actinobacteria	1.29003461136252	0.0063644964307216	0.63644964307216	148
Bacteria	Actinobacteriota	Actinobacteria	SMK-Neo1-S139	WT	SMK_Neo1	Pancreatic	Yes	Neomycin	Post	Smoke+Neomycin	198.35	37.94	Neo-Pancreatic	Bacteria_/_Actinobacteriota_/_Actinobacteria	0	0	0	0
Bacteria	Actinobacteriota	Actinobacteria	SMK-Neo3-S110	WT	SMK_Neo3	Pancreatic	Yes	Neomycin	Post	Smoke+Neomycin	198.35	37.94	Neo-Pancreatic	Bacteria_/_Actinobacteriota_/_Actinobacteria	0	0	0	0
Bacteria	Actinobacteriota	Actinobacteria	SMK-Neo4-S115	WT	SMK_Neo4	Pancreatic	Yes	Neomycin	Post	Smoke+Neomycin	198.35	37.94	Neo-Pancreatic	Bacteria_/_Actinobacteriota_/_Actinobacteria	0	0	0	0
Bacteria	Actinobacteriota	Actinobacteria	SMK-Neo5-S120	WT	SMK_Neo5	Pancreatic	Yes	Neomycin	Post	Smoke+Neomycin	198.35	37.94	Neo-Pancreatic	Bacteria_/_Actinobacteriota_/_Actinobacteria	0	0	0	0
Bacteria	Actinobacteriota	Actinobacteria	SMK-Neo6-S125	WT	SMK_Neo6	Pancreatic	Yes	Neomycin	Post	Smoke+Neomycin	198.35	37.94	Neo-Pancreatic	Bacteria_/_Actinobacteriota_/_Actinobacteria	0	0	0	0
Bacteria	Actinobacteriota	Actinobacteria	SMK-Neo7-S130	WT	SMK_Neo7	Pancreatic	Yes	Neomycin	Post	Smoke+Neomycin	198.35	37.94	Neo-Pancreatic	Bacteria_/_Actinobacteriota_/_Actinobacteria	0	0	0	0
Bacteria	Actinobacteriota	Actinobacteria	SMK-Neo8-S135	WT	SMK_Neo8	Pancreatic	Yes	Neomycin	Post	Smoke+Neomycin	198.35	37.94	Neo-Pancreatic	Bacteria_/_Actinobacteriota_/_Actinobacteria	0	0	0	0
Bacteria	Actinobacteriota	Actinobacteria	SMK1-S117	WT	SMK1	Pancreatic	Yes	None	Post	Smoke only	332.25	70.83	Neo-Pancreatic	Bacteria_/_Actinobacteriota_/_Actinobacteria	0	0	0	0
Bacteria	Actinobacteriota	Actinobacteria	SMK10-S123	WT	SMK10	Pancreatic	Yes	None	Post	Smoke only	332.25	70.83	Neo-Pancreatic	Bacteria_/_Actinobacteriota_/_Actinobacteria	0	0	0	0
Bacteria	Actinobacteriota	Actinobacteria	SMK11-S128	WT	SMK11	Pancreatic	Yes	None	Post	Smoke only	332.25	70.83	Neo-Pancreatic	Bacteria_/_Actinobacteriota_/_Actinobacteria	0	0	0	0
Bacteria	Actinobacteriota	Actinobacteria	SMK2-S122	WT	SMK2	Pancreatic	Yes	None	Post	Smoke only	332.25	70.83	Neo-Pancreatic	Bacteria_/_Actinobacteriota_/_Actinobacteria	0	0	0	0
Bacteria	Actinobacteriota	Actinobacteria	SMK3-S127	WT	SMK3	Pancreatic	Yes	None	Post	Smoke only	332.25	70.83	Neo-Pancreatic	Bacteria_/_Actinobacteriota_/_Actinobacteria	0	0	0	0
Bacteria	Actinobacteriota	Actinobacteria	SMK4-S132	WT	SMK4	Pancreatic	Yes	None	Post	Smoke only	332.25	70.83	Neo-Pancreatic	Bacteria_/_Actinobacteriota_/_Actinobacteria	0	0	0	0
Bacteria	Actinobacteriota	Actinobacteria	SMK5-S137	WT	SMK5	Pancreatic	Yes	None	Post	Smoke only	332.25	70.83	Neo-Pancreatic	Bacteria_/_Actinobacteriota_/_Actinobacteria	0	0	0	0
Bacteria	Actinobacteriota	Actinobacteria	SMK7-S108	WT	SMK7	Pancreatic	Yes	None	Post	Smoke only	332.25	70.83	Neo-Pancreatic	Bacteria_/_Actinobacteriota_/_Actinobacteria	0	0	0	0
Bacteria	Actinobacteriota	Actinobacteria	SMK8-S113	WT	SMK8	Pancreatic	Yes	None	Post	Smoke only	332.25	70.83	Neo-Pancreatic	Bacteria_/_Actinobacteriota_/_Actinobacteria	0	0	0	0
Bacteria	Actinobacteriota	Actinobacteria	SMK9-S118	WT	SMK9	Pancreatic	Yes	None	Post	Smoke only	332.25	70.83	Neo-Pancreatic	Bacteria_/_Actinobacteriota_/_Actinobacteria	0	0	0	0
Bacteria	Actinobacteriota	Coriobacteriia	CTRL1-S106	WT	CTRL1	Pancreatic	No	None	Post	Control	191.29	42.01	Neo-Pancreatic	Bacteria_/_Actinobacteriota_/_Coriobacteriia	1.76249100402601	0.019195072561593	1.9195072561593	455
Bacteria	Actinobacteriota	Coriobacteriia	CTRL10-S112	WT	CTRL10	Pancreatic	No	None	Post	Control	191.29	42.01	Neo-Pancreatic	Bacteria_/_Actinobacteriota_/_Coriobacteriia	1.8871951770413	0.0312179618618003	3.12179618618003	609
Bacteria	Actinobacteriota	Coriobacteriia	CTRL2-S111	WT	CTRL2	Pancreatic	No	None	Post	Control	191.29	42.01	Neo-Pancreatic	Bacteria_/_Actinobacteriota_/_Coriobacteriia	1.74331373923113	0.0219807983830217	2.19807983830217	435
Bacteria	Actinobacteriota	Coriobacteriia	CTRL3-S116	WT	CTRL3	Pancreatic	No	None	Post	Control	191.29	42.01	Neo-Pancreatic	Bacteria_/_Actinobacteriota_/_Coriobacteriia	1.33994806169435	0.0062845745681707	0.62845745681707	167
Bacteria	Actinobacteriota	Coriobacteriia	CTRL4-S121	WT	CTRL4	Pancreatic	No	None	Post	Control	191.29	42.01	Neo-Pancreatic	Bacteria_/_Actinobacteriota_/_Coriobacteriia	1.41497334797082	0.0081463076860413	0.81463076860413	200
Bacteria	Actinobacteriota	Coriobacteriia	CTRL6-S131	WT	CTRL6	Pancreatic	No	None	Post	Control	191.29	42.01	Neo-Pancreatic	Bacteria_/_Actinobacteriota_/_Coriobacteriia	1.34976304398795	0.00813356164383562	0.813356164383562	171
Bacteria	Actinobacteriota	Coriobacteriia	CTRL7-S136	WT	CTRL7	Pancreatic	No	None	Post	Control	191.29	42.01	Neo-Pancreatic	Bacteria_/_Actinobacteriota_/_Coriobacteriia	1.61410591095803	0.0131368937998772	1.31368937998772	321
Bacteria	Actinobacteriota	Coriobacteriia	CTRL8-S141	WT	CTRL8	Pancreatic	No	None	Post	Control	191.29	42.01	Neo-Pancreatic	Bacteria_/_Actinobacteriota_/_Coriobacteriia	1.29003461136252	0.00758935439208246	0.758935439208246	148
Bacteria	Actinobacteriota	Coriobacteriia	CTRL9-S107	WT	CTRL9	Pancreatic	No	None	Post	Control	191.29	42.01	Neo-Pancreatic	Bacteria_/_Actinobacteriota_/_Coriobacteriia	1.16879202031418	0.00745307947692933	0.745307947692933	110
Bacteria	Actinobacteriota	Coriobacteriia	Neo1-S133	WT	Neo1	Pancreatic	No	Neomycin	Post	Neomycin only	NA	NA	Neo-Pancreatic	Bacteria_/_Actinobacteriota_/_Coriobacteriia	0	0	0	0
Bacteria	Actinobacteriota	Coriobacteriia	Neo2-S138	WT	Neo2	Pancreatic	No	Neomycin	Post	Neomycin only	NA	NA	Neo-Pancreatic	Bacteria_/_Actinobacteriota_/_Coriobacteriia	0	0	0	0
Bacteria	Actinobacteriota	Coriobacteriia	Neo3-S143	WT	Neo3	Pancreatic	No	Neomycin	Post	Neomycin only	NA	NA	Neo-Pancreatic	Bacteria_/_Actinobacteriota_/_Coriobacteriia	0	0	0	0
Bacteria	Actinobacteriota	Coriobacteriia	Neo4-S109	WT	Neo4	Pancreatic	No	Neomycin	Post	Neomycin only	NA	NA	Neo-Pancreatic	Bacteria_/_Actinobacteriota_/_Coriobacteriia	0	0	0	0
Bacteria	Actinobacteriota	Coriobacteriia	Neo5-S114	WT	Neo5	Pancreatic	No	Neomycin	Post	Neomycin only	NA	NA	Neo-Pancreatic	Bacteria_/_Actinobacteriota_/_Coriobacteriia	0	0	0	0
Bacteria	Actinobacteriota	Coriobacteriia	Neo6-S119	WT	Neo6	Pancreatic	No	Neomycin	Post	Neomycin only	NA	NA	Neo-Pancreatic	Bacteria_/_Actinobacteriota_/_Coriobacteriia	0	0	0	0
Bacteria	Actinobacteriota	Coriobacteriia	Neo7-S124	WT	Neo7	Pancreatic	No	Neomycin	Post	Neomycin only	NA	NA	Neo-Pancreatic	Bacteria_/_Actinobacteriota_/_Coriobacteriia	0	0	0	0
Bacteria	Actinobacteriota	Coriobacteriia	Neo8-S129	WT	Neo8	Pancreatic	No	Neomycin	Post	Neomycin only	NA	NA	Neo-Pancreatic	Bacteria_/_Actinobacteriota_/_Coriobacteriia	0	0	0	0
Bacteria	Actinobacteriota	Coriobacteriia	Neo9-S134	WT	Neo9	Pancreatic	No	Neomycin	Post	Neomycin only	NA	NA	Neo-Pancreatic	Bacteria_/_Actinobacteriota_/_Coriobacteriia	0	0	0	0
Bacteria	Actinobacteriota	Coriobacteriia	SMK-Neo1-S139	WT	SMK_Neo1	Pancreatic	Yes	Neomycin	Post	Smoke+Neomycin	198.35	37.94	Neo-Pancreatic	Bacteria_/_Actinobacteriota_/_Coriobacteriia	0	0	0	0
Bacteria	Actinobacteriota	Coriobacteriia	SMK-Neo3-S110	WT	SMK_Neo3	Pancreatic	Yes	Neomycin	Post	Smoke+Neomycin	198.35	37.94	Neo-Pancreatic	Bacteria_/_Actinobacteriota_/_Coriobacteriia	0	0	0	0
Bacteria	Actinobacteriota	Coriobacteriia	SMK-Neo4-S115	WT	SMK_Neo4	Pancreatic	Yes	Neomycin	Post	Smoke+Neomycin	198.35	37.94	Neo-Pancreatic	Bacteria_/_Actinobacteriota_/_Coriobacteriia	0	0	0	0
Bacteria	Actinobacteriota	Coriobacteriia	SMK-Neo5-S120	WT	SMK_Neo5	Pancreatic	Yes	Neomycin	Post	Smoke+Neomycin	198.35	37.94	Neo-Pancreatic	Bacteria_/_Actinobacteriota_/_Coriobacteriia	0	0	0	0
Bacteria	Actinobacteriota	Coriobacteriia	SMK-Neo6-S125	WT	SMK_Neo6	Pancreatic	Yes	Neomycin	Post	Smoke+Neomycin	198.35	37.94	Neo-Pancreatic	Bacteria_/_Actinobacteriota_/_Coriobacteriia	0	0	0	0
Bacteria	Actinobacteriota	Coriobacteriia	SMK-Neo7-S130	WT	SMK_Neo7	Pancreatic	Yes	Neomycin	Post	Smoke+Neomycin	198.35	37.94	Neo-Pancreatic	Bacteria_/_Actinobacteriota_/_Coriobacteriia	0	0	0	0
Bacteria	Actinobacteriota	Coriobacteriia	SMK-Neo8-S135	WT	SMK_Neo8	Pancreatic	Yes	Neomycin	Post	Smoke+Neomycin	198.35	37.94	Neo-Pancreatic	Bacteria_/_Actinobacteriota_/_Coriobacteriia	0	0	0	0
Bacteria	Actinobacteriota	Coriobacteriia	SMK1-S117	WT	SMK1	Pancreatic	Yes	None	Post	Smoke only	332.25	70.83	Neo-Pancreatic	Bacteria_/_Actinobacteriota_/_Coriobacteriia	1.07003786660776	0.00521528198908429	0.521528198908429	86
Bacteria	Actinobacteriota	Coriobacteriia	SMK10-S123	WT	SMK10	Pancreatic	Yes	None	Post	Smoke only	332.25	70.83	Neo-Pancreatic	Bacteria_/_Actinobacteriota_/_Coriobacteriia	1.16879202031418	0.00474117494935563	0.474117494935563	110
Bacteria	Actinobacteriota	Coriobacteriia	SMK11-S128	WT	SMK11	Pancreatic	Yes	None	Post	Smoke only	332.25	70.83	Neo-Pancreatic	Bacteria_/_Actinobacteriota_/_Coriobacteriia	1.58967040203489	0.0128689743045233	1.28689743045233	303
Bacteria	Actinobacteriota	Coriobacteriia	SMK2-S122	WT	SMK2	Pancreatic	Yes	None	Post	Smoke only	332.25	70.83	Neo-Pancreatic	Bacteria_/_Actinobacteriota_/_Coriobacteriia	1.40654018043396	0.0103791569582716	1.03791569582716	196
Bacteria	Actinobacteriota	Coriobacteriia	SMK3-S127	WT	SMK3	Pancreatic	Yes	None	Post	Smoke only	332.25	70.83	Neo-Pancreatic	Bacteria_/_Actinobacteriota_/_Coriobacteriia	1.29830713732851	0.00822037127769612	0.822037127769612	151
Bacteria	Actinobacteriota	Coriobacteriia	SMK4-S132	WT	SMK4	Pancreatic	Yes	None	Post	Smoke only	332.25	70.83	Neo-Pancreatic	Bacteria_/_Actinobacteriota_/_Coriobacteriia	1.17245697440059	0.00936708860759494	0.936708860759494	111
Bacteria	Actinobacteriota	Coriobacteriia	SMK5-S137	WT	SMK5	Pancreatic	Yes	None	Post	Smoke only	332.25	70.83	Neo-Pancreatic	Bacteria_/_Actinobacteriota_/_Coriobacteriia	1.47348697006457	0.014592982678764	1.4592982678764	230
Bacteria	Actinobacteriota	Coriobacteriia	SMK7-S108	WT	SMK7	Pancreatic	Yes	None	Post	Smoke only	332.25	70.83	Neo-Pancreatic	Bacteria_/_Actinobacteriota_/_Coriobacteriia	1.48251628660637	0.016448519633233	1.6448519633233	235
Bacteria	Actinobacteriota	Coriobacteriia	SMK8-S113	WT	SMK8	Pancreatic	Yes	None	Post	Smoke only	332.25	70.83	Neo-Pancreatic	Bacteria_/_Actinobacteriota_/_Coriobacteriia	1.48784512011144	0.0110507498723128	1.10507498723128	238
Bacteria	Actinobacteriota	Coriobacteriia	SMK9-S118	WT	SMK9	Pancreatic	Yes	None	Post	Smoke only	332.25	70.83	Neo-Pancreatic	Bacteria_/_Actinobacteriota_/_Coriobacteriia	1.16509587475422	0.00523610510640342	0.523610510640342	109
Bacteria	Bacteroidota	Bacteroidia	CTRL1-S106	WT	CTRL1	Pancreatic	No	None	Post	Control	191.29	42.01	Neo-Pancreatic	Bacteria_/_Bacteroidota_/_Bacteroidia	2.7977002343824	0.211483293958826	21.1483293958826	5013
Bacteria	Bacteroidota	Bacteroidia	CTRL10-S112	WT	CTRL10	Pancreatic	No	None	Post	Control	191.29	42.01	Neo-Pancreatic	Bacteria_/_Bacteroidota_/_Bacteroidia	2.58135222065046	0.155987287266762	15.5987287266762	3043
Bacteria	Bacteroidota	Bacteroidia	CTRL2-S111	WT	CTRL2	Pancreatic	No	None	Post	Control	191.29	42.01	Neo-Pancreatic	Bacteria_/_Bacteroidota_/_Bacteroidia	2.70490087155523	0.204497220818595	20.4497220818595	4047
Bacteria	Bacteroidota	Bacteroidia	CTRL3-S116	WT	CTRL3	Pancreatic	No	None	Post	Control	191.29	42.01	Neo-Pancreatic	Bacteria_/_Bacteroidota_/_Bacteroidia	2.85853719756964	0.217062431791668	21.7062431791668	5768
Bacteria	Bacteroidota	Bacteroidia	CTRL4-S121	WT	CTRL4	Pancreatic	No	None	Post	Control	191.29	42.01	Neo-Pancreatic	Bacteria_/_Bacteroidota_/_Bacteroidia	2.81599258690954	0.21298521445155	21.298521445155	5229
Bacteria	Bacteroidota	Bacteroidia	CTRL6-S131	WT	CTRL6	Pancreatic	No	None	Post	Control	191.29	42.01	Neo-Pancreatic	Bacteria_/_Bacteroidota_/_Bacteroidia	2.64394591274807	0.167237442922374	16.7237442922374	3516
Bacteria	Bacteroidota	Bacteroidia	CTRL7-S136	WT	CTRL7	Pancreatic	No	None	Post	Control	191.29	42.01	Neo-Pancreatic	Bacteria_/_Bacteroidota_/_Bacteroidia	2.80837979488238	0.210272150603642	21.0272150603642	5138
Bacteria	Bacteroidota	Bacteroidia	CTRL8-S141	WT	CTRL8	Pancreatic	No	None	Post	Control	191.29	42.01	Neo-Pancreatic	Bacteria_/_Bacteroidota_/_Bacteroidia	2.68641280927182	0.198861596841188	19.8861596841188	3878
Bacteria	Bacteroidota	Bacteroidia	CTRL9-S107	WT	CTRL9	Pancreatic	No	None	Post	Control	191.29	42.01	Neo-Pancreatic	Bacteria_/_Bacteroidota_/_Bacteroidia	2.49882726352563	0.170404498949793	17.0404498949793	2515
Bacteria	Bacteroidota	Bacteroidia	Neo1-S133	WT	Neo1	Pancreatic	No	Neomycin	Post	Neomycin only	NA	NA	Neo-Pancreatic	Bacteria_/_Bacteroidota_/_Bacteroidia	2.51537703395466	0.230769230769231	23.0769230769231	2613
Bacteria	Bacteroidota	Bacteroidia	Neo2-S138	WT	Neo2	Pancreatic	No	Neomycin	Post	Neomycin only	NA	NA	Neo-Pancreatic	Bacteria_/_Bacteroidota_/_Bacteroidia	3.10966290049927	0.343595565647122	34.3595565647122	10290
Bacteria	Bacteroidota	Bacteroidia	Neo3-S143	WT	Neo3	Pancreatic	No	Neomycin	Post	Neomycin only	NA	NA	Neo-Pancreatic	Bacteria_/_Bacteroidota_/_Bacteroidia	2.91480577016985	0.346726504751848	34.6726504751848	6567
Bacteria	Bacteroidota	Bacteroidia	Neo4-S109	WT	Neo4	Pancreatic	No	Neomycin	Post	Neomycin only	NA	NA	Neo-Pancreatic	Bacteria_/_Bacteroidota_/_Bacteroidia	2.82591272228025	0.265048303195442	26.5048303195442	5350
Bacteria	Bacteroidota	Bacteroidia	Neo5-S114	WT	Neo5	Pancreatic	No	Neomycin	Post	Neomycin only	NA	NA	Neo-Pancreatic	Bacteria_/_Bacteroidota_/_Bacteroidia	2.99083813955066	0.313162844679233	31.3162844679233	7825
Bacteria	Bacteroidota	Bacteroidia	Neo6-S119	WT	Neo6	Pancreatic	No	Neomycin	Post	Neomycin only	NA	NA	Neo-Pancreatic	Bacteria_/_Bacteroidota_/_Bacteroidia	3.01927210979285	0.290568268762607	29.0568268762607	8355
Bacteria	Bacteroidota	Bacteroidia	Neo7-S124	WT	Neo7	Pancreatic	No	Neomycin	Post	Neomycin only	NA	NA	Neo-Pancreatic	Bacteria_/_Bacteroidota_/_Bacteroidia	3.02729863125238	0.322924571255122	32.2924571255122	8511
Bacteria	Bacteroidota	Bacteroidia	Neo8-S129	WT	Neo8	Pancreatic	No	Neomycin	Post	Neomycin only	NA	NA	Neo-Pancreatic	Bacteria_/_Bacteroidota_/_Bacteroidia	2.99722250999178	0.291551933032272	29.1551933032272	7941
Bacteria	Bacteroidota	Bacteroidia	Neo9-S134	WT	Neo9	Pancreatic	No	Neomycin	Post	Neomycin only	NA	NA	Neo-Pancreatic	Bacteria_/_Bacteroidota_/_Bacteroidia	2.82615582023336	0.230196955362518	23.0196955362518	5353
Bacteria	Bacteroidota	Bacteroidia	SMK-Neo1-S139	WT	SMK_Neo1	Pancreatic	Yes	Neomycin	Post	Smoke+Neomycin	198.35	37.94	Neo-Pancreatic	Bacteria_/_Bacteroidota_/_Bacteroidia	3.20496738679191	0.450035112359551	45.0035112359551	12817
Bacteria	Bacteroidota	Bacteroidia	SMK-Neo3-S110	WT	SMK_Neo3	Pancreatic	Yes	Neomycin	Post	Smoke+Neomycin	198.35	37.94	Neo-Pancreatic	Bacteria_/_Bacteroidota_/_Bacteroidia	3.26331052158312	0.719805577376276	71.9805577376276	14661
Bacteria	Bacteroidota	Bacteroidia	SMK-Neo4-S115	WT	SMK_Neo4	Pancreatic	Yes	Neomycin	Post	Smoke+Neomycin	198.35	37.94	Neo-Pancreatic	Bacteria_/_Bacteroidota_/_Bacteroidia	3.19193980965651	0.47851344592775	47.851344592775	12438
Bacteria	Bacteroidota	Bacteroidia	SMK-Neo5-S120	WT	SMK_Neo5	Pancreatic	Yes	Neomycin	Post	Smoke+Neomycin	198.35	37.94	Neo-Pancreatic	Bacteria_/_Bacteroidota_/_Bacteroidia	3.03014414172286	0.455958273457874	45.5958273457874	8567
Bacteria	Bacteroidota	Bacteroidia	SMK-Neo6-S125	WT	SMK_Neo6	Pancreatic	Yes	Neomycin	Post	Smoke+Neomycin	198.35	37.94	Neo-Pancreatic	Bacteria_/_Bacteroidota_/_Bacteroidia	3.2895889525426	0.567245711788485	56.7245711788485	15576
Bacteria	Bacteroidota	Bacteroidia	SMK-Neo7-S130	WT	SMK_Neo7	Pancreatic	Yes	Neomycin	Post	Smoke+Neomycin	198.35	37.94	Neo-Pancreatic	Bacteria_/_Bacteroidota_/_Bacteroidia	3.02826616347598	0.478407178911946	47.8407178911946	8530
Bacteria	Bacteroidota	Bacteroidia	SMK-Neo8-S135	WT	SMK_Neo8	Pancreatic	Yes	Neomycin	Post	Smoke+Neomycin	198.35	37.94	Neo-Pancreatic	Bacteria_/_Bacteroidota_/_Bacteroidia	3.33760899219436	0.748204532748463	74.8204532748463	17398
Bacteria	Bacteroidota	Bacteroidia	SMK1-S117	WT	SMK1	Pancreatic	Yes	None	Post	Smoke only	332.25	70.83	Neo-Pancreatic	Bacteria_/_Bacteroidota_/_Bacteroidia	2.78166563511668	0.292965433596119	29.2965433596119	4831
Bacteria	Bacteroidota	Bacteroidia	SMK10-S123	WT	SMK10	Pancreatic	Yes	None	Post	Smoke only	332.25	70.83	Neo-Pancreatic	Bacteria_/_Bacteroidota_/_Bacteroidia	2.98900461569854	0.335847592776173	33.5847592776173	7792
Bacteria	Bacteroidota	Bacteroidia	SMK11-S128	WT	SMK11	Pancreatic	Yes	None	Post	Smoke only	332.25	70.83	Neo-Pancreatic	Bacteria_/_Bacteroidota_/_Bacteroidia	2.89500794507054	0.266468464642175	26.6468464642175	6274
Bacteria	Bacteroidota	Bacteroidia	SMK2-S122	WT	SMK2	Pancreatic	Yes	None	Post	Smoke only	332.25	70.83	Neo-Pancreatic	Bacteria_/_Bacteroidota_/_Bacteroidia	2.83274834732513	0.287809786062275	28.7809786062275	5435
Bacteria	Bacteroidota	Bacteroidia	SMK3-S127	WT	SMK3	Pancreatic	Yes	None	Post	Smoke only	332.25	70.83	Neo-Pancreatic	Bacteria_/_Bacteroidota_/_Bacteroidia	2.73986889241785	0.238826283412271	23.8826283412271	4387
Bacteria	Bacteroidota	Bacteroidia	SMK4-S132	WT	SMK4	Pancreatic	Yes	None	Post	Smoke only	332.25	70.83	Neo-Pancreatic	Bacteria_/_Bacteroidota_/_Bacteroidia	2.57170883180869	0.251139240506329	25.1139240506329	2976
Bacteria	Bacteroidota	Bacteroidia	SMK5-S137	WT	SMK5	Pancreatic	Yes	None	Post	Smoke only	332.25	70.83	Neo-Pancreatic	Bacteria_/_Bacteroidota_/_Bacteroidia	2.65824995446696	0.230569126324472	23.0569126324472	3634
Bacteria	Bacteroidota	Bacteroidia	SMK7-S108	WT	SMK7	Pancreatic	Yes	None	Post	Smoke only	332.25	70.83	Neo-Pancreatic	Bacteria_/_Bacteroidota_/_Bacteroidia	2.75692123429739	0.319381255686988	31.9381255686988	4563
Bacteria	Bacteroidota	Bacteroidia	SMK8-S113	WT	SMK8	Pancreatic	Yes	None	Post	Smoke only	332.25	70.83	Neo-Pancreatic	Bacteria_/_Bacteroidota_/_Bacteroidia	2.92363253317705	0.311185401866555	31.1185401866555	6702
Bacteria	Bacteroidota	Bacteroidia	SMK9-S118	WT	SMK9	Pancreatic	Yes	None	Post	Smoke only	332.25	70.83	Neo-Pancreatic	Bacteria_/_Bacteroidota_/_Bacteroidia	2.81065249141714	0.24811452178508	24.811452178508	5165
Bacteria	Firmicutes	Bacilli	CTRL1-S106	WT	CTRL1	Pancreatic	No	None	Post	Control	191.29	42.01	Neo-Pancreatic	Bacteria_/_Firmicutes_/_Bacilli	3.26714238318986	0.623987512656092	62.3987512656092	14791
Bacteria	Firmicutes	Bacilli	CTRL10-S112	WT	CTRL10	Pancreatic	No	None	Post	Control	191.29	42.01	Neo-Pancreatic	Bacteria_/_Firmicutes_/_Bacilli	3.21504241292896	0.672442075046135	67.2442075046135	13118
Bacteria	Firmicutes	Bacilli	CTRL2-S111	WT	CTRL2	Pancreatic	No	None	Post	Control	191.29	42.01	Neo-Pancreatic	Bacteria_/_Firmicutes_/_Bacilli	3.1901915805753	0.625972713491663	62.5972713491663	12388
Bacteria	Firmicutes	Bacilli	CTRL3-S116	WT	CTRL3	Pancreatic	No	None	Post	Control	191.29	42.01	Neo-Pancreatic	Bacteria_/_Firmicutes_/_Bacilli	3.29316912351343	0.591013434689346	59.1013434689346	15705
Bacteria	Firmicutes	Bacilli	CTRL4-S121	WT	CTRL4	Pancreatic	No	None	Post	Control	191.29	42.01	Neo-Pancreatic	Bacteria_/_Firmicutes_/_Bacilli	3.21794431548036	0.537900696509307	53.7900696509307	13206
Bacteria	Firmicutes	Bacilli	CTRL6-S131	WT	CTRL6	Pancreatic	No	None	Post	Control	191.29	42.01	Neo-Pancreatic	Bacteria_/_Firmicutes_/_Bacilli	3.22730811666086	0.641837899543379	64.1837899543379	13494
Bacteria	Firmicutes	Bacilli	CTRL7-S136	WT	CTRL7	Pancreatic	No	None	Post	Control	191.29	42.01	Neo-Pancreatic	Bacteria_/_Firmicutes_/_Bacilli	3.23274206272074	0.559197871905054	55.9197871905054	13664
Bacteria	Firmicutes	Bacilli	CTRL8-S141	WT	CTRL8	Pancreatic	No	None	Post	Control	191.29	42.01	Neo-Pancreatic	Bacteria_/_Firmicutes_/_Bacilli	3.15937917882231	0.591713245474591	59.1713245474591	11539
Bacteria	Firmicutes	Bacilli	CTRL9-S107	WT	CTRL9	Pancreatic	No	None	Post	Control	191.29	42.01	Neo-Pancreatic	Bacteria_/_Firmicutes_/_Bacilli	3.10075813504235	0.683040856426587	68.3040856426587	10081
Bacteria	Firmicutes	Bacilli	Neo1-S133	WT	Neo1	Pancreatic	No	Neomycin	Post	Neomycin only	NA	NA	Neo-Pancreatic	Bacteria_/_Firmicutes_/_Bacilli	3.03307175391921	0.761723924754924	76.1723924754924	8625
Bacteria	Firmicutes	Bacilli	Neo2-S138	WT	Neo2	Pancreatic	No	Neomycin	Post	Neomycin only	NA	NA	Neo-Pancreatic	Bacteria_/_Firmicutes_/_Bacilli	3.301192825566	0.534192600507546	53.4192600507546	15998
Bacteria	Firmicutes	Bacilli	Neo3-S143	WT	Neo3	Pancreatic	No	Neomycin	Post	Neomycin only	NA	NA	Neo-Pancreatic	Bacteria_/_Firmicutes_/_Bacilli	3.12491159235491	0.56272439281943	56.272439281943	10658
Bacteria	Firmicutes	Bacilli	Neo4-S109	WT	Neo4	Pancreatic	No	Neomycin	Post	Neomycin only	NA	NA	Neo-Pancreatic	Bacteria_/_Firmicutes_/_Bacilli	3.22514768377724	0.665196928412187	66.5196928412187	13427
Bacteria	Firmicutes	Bacilli	Neo5-S114	WT	Neo5	Pancreatic	No	Neomycin	Post	Neomycin only	NA	NA	Neo-Pancreatic	Bacteria_/_Firmicutes_/_Bacilli	3.28445893386933	0.616040340977308	61.6040340977308	15393
Bacteria	Firmicutes	Bacilli	Neo6-S119	WT	Neo6	Pancreatic	No	Neomycin	Post	Neomycin only	NA	NA	Neo-Pancreatic	Bacteria_/_Firmicutes_/_Bacilli	3.35449260058944	0.629060304653266	62.9060304653266	18088
Bacteria	Firmicutes	Bacilli	Neo7-S124	WT	Neo7	Pancreatic	No	Neomycin	Post	Neomycin only	NA	NA	Neo-Pancreatic	Bacteria_/_Firmicutes_/_Bacilli	3.30387074216377	0.610752769767795	61.0752769767795	16097
Bacteria	Firmicutes	Bacilli	Neo8-S129	WT	Neo8	Pancreatic	No	Neomycin	Post	Neomycin only	NA	NA	Neo-Pancreatic	Bacteria_/_Firmicutes_/_Bacilli	3.32684769891599	0.623122957741308	62.3122957741308	16972
Bacteria	Firmicutes	Bacilli	Neo9-S134	WT	Neo9	Pancreatic	No	Neomycin	Post	Neomycin only	NA	NA	Neo-Pancreatic	Bacteria_/_Firmicutes_/_Bacilli	3.27594447894006	0.64909262922508	64.909262922508	15094
Bacteria	Firmicutes	Bacilli	SMK-Neo1-S139	WT	SMK_Neo1	Pancreatic	Yes	Neomycin	Post	Smoke+Neomycin	198.35	37.94	Neo-Pancreatic	Bacteria_/_Firmicutes_/_Bacilli	3.24111047319194	0.489115168539326	48.9115168539326	13930
Bacteria	Firmicutes	Bacilli	SMK-Neo3-S110	WT	SMK_Neo3	Pancreatic	Yes	Neomycin	Post	Smoke+Neomycin	198.35	37.94	Neo-Pancreatic	Bacteria_/_Firmicutes_/_Bacilli	2.16024337195981	0.0564120188531029	5.64120188531029	1149
Bacteria	Firmicutes	Bacilli	SMK-Neo4-S115	WT	SMK_Neo4	Pancreatic	Yes	Neomycin	Post	Smoke+Neomycin	198.35	37.94	Neo-Pancreatic	Bacteria_/_Firmicutes_/_Bacilli	3.17147048081095	0.456469049359443	45.6469049359443	11865
Bacteria	Firmicutes	Bacilli	SMK-Neo5-S120	WT	SMK_Neo5	Pancreatic	Yes	Neomycin	Post	Smoke+Neomycin	198.35	37.94	Neo-Pancreatic	Bacteria_/_Firmicutes_/_Bacilli	2.91599308875176	0.350471020277822	35.0471020277822	6585
Bacteria	Firmicutes	Bacilli	SMK-Neo6-S125	WT	SMK_Neo6	Pancreatic	Yes	Neomycin	Post	Smoke+Neomycin	198.35	37.94	Neo-Pancreatic	Bacteria_/_Firmicutes_/_Bacilli	2.54298094870906	0.101423941148622	10.1423941148622	2785
Bacteria	Firmicutes	Bacilli	SMK-Neo7-S130	WT	SMK_Neo7	Pancreatic	Yes	Neomycin	Post	Smoke+Neomycin	198.35	37.94	Neo-Pancreatic	Bacteria_/_Firmicutes_/_Bacilli	3.00860017176192	0.457206954570948	45.7206954570948	8152
Bacteria	Firmicutes	Bacilli	SMK-Neo8-S135	WT	SMK_Neo8	Pancreatic	Yes	Neomycin	Post	Smoke+Neomycin	198.35	37.94	Neo-Pancreatic	Bacteria_/_Firmicutes_/_Bacilli	2.31122391043246	0.0700984819163119	7.00984819163119	1630
Bacteria	Firmicutes	Bacilli	SMK1-S117	WT	SMK1	Pancreatic	Yes	None	Post	Smoke only	332.25	70.83	Neo-Pancreatic	Bacteria_/_Firmicutes_/_Bacilli	2.97732341288597	0.459975742874469	45.9975742874469	7585
Bacteria	Firmicutes	Bacilli	SMK10-S123	WT	SMK10	Pancreatic	Yes	None	Post	Smoke only	332.25	70.83	Neo-Pancreatic	Bacteria_/_Firmicutes_/_Bacilli	3.0297387799089	0.368906512650317	36.8906512650317	8559
Bacteria	Firmicutes	Bacilli	SMK11-S128	WT	SMK11	Pancreatic	Yes	None	Post	Smoke only	332.25	70.83	Neo-Pancreatic	Bacteria_/_Firmicutes_/_Bacilli	3.1407436671412	0.469483966871947	46.9483966871947	11054
Bacteria	Firmicutes	Bacilli	SMK2-S122	WT	SMK2	Pancreatic	Yes	None	Post	Smoke only	332.25	70.83	Neo-Pancreatic	Bacteria_/_Firmicutes_/_Bacilli	2.91566360350577	0.348443126456259	34.8443126456259	6580
Bacteria	Firmicutes	Bacilli	SMK3-S127	WT	SMK3	Pancreatic	Yes	None	Post	Smoke only	332.25	70.83	Neo-Pancreatic	Bacteria_/_Firmicutes_/_Bacilli	3.12633437706607	0.582122053459633	58.2122053459633	10693
Bacteria	Firmicutes	Bacilli	SMK4-S132	WT	SMK4	Pancreatic	Yes	None	Post	Smoke only	332.25	70.83	Neo-Pancreatic	Bacteria_/_Firmicutes_/_Bacilli	2.87916758667136	0.510464135021097	51.0464135021097	6049
Bacteria	Firmicutes	Bacilli	SMK5-S137	WT	SMK5	Pancreatic	Yes	None	Post	Smoke only	332.25	70.83	Neo-Pancreatic	Bacteria_/_Firmicutes_/_Bacilli	3.01383747912105	0.523507391662966	52.3507391662966	8251
Bacteria	Firmicutes	Bacilli	SMK7-S108	WT	SMK7	Pancreatic	Yes	None	Post	Smoke only	332.25	70.83	Neo-Pancreatic	Bacteria_/_Firmicutes_/_Bacilli	2.84772685565781	0.393784559389655	39.3784559389655	5626
Bacteria	Firmicutes	Bacilli	SMK8-S113	WT	SMK8	Pancreatic	Yes	None	Post	Smoke only	332.25	70.83	Neo-Pancreatic	Bacteria_/_Firmicutes_/_Bacilli	3.02386950138833	0.39206946185634	39.206946185634	8444
Bacteria	Firmicutes	Bacilli	SMK9-S118	WT	SMK9	Pancreatic	Yes	None	Post	Smoke only	332.25	70.83	Neo-Pancreatic	Bacteria_/_Firmicutes_/_Bacilli	3.12932729184083	0.517221501657299	51.7221501657299	10767
Bacteria	Firmicutes	Clostridia	CTRL1-S106	WT	CTRL1	Pancreatic	No	None	Post	Control	191.29	42.01	Neo-Pancreatic	Bacteria_/_Firmicutes_/_Clostridia	2.52455838419499	0.112597030037125	11.2597030037125	2669
Bacteria	Firmicutes	Clostridia	CTRL10-S112	WT	CTRL10	Pancreatic	No	None	Post	Control	191.29	42.01	Neo-Pancreatic	Bacteria_/_Firmicutes_/_Clostridia	2.44404479591808	0.113594422800902	11.3594422800902	2216
Bacteria	Firmicutes	Clostridia	CTRL2-S111	WT	CTRL2	Pancreatic	No	None	Post	Control	191.29	42.01	Neo-Pancreatic	Bacteria_/_Firmicutes_/_Clostridia	2.48678457139904	0.123597776654876	12.3597776654876	2446
Bacteria	Firmicutes	Clostridia	CTRL3-S116	WT	CTRL3	Pancreatic	No	None	Post	Control	191.29	42.01	Neo-Pancreatic	Bacteria_/_Firmicutes_/_Clostridia	2.71180722904119	0.154743536672562	15.4743536672562	4112
Bacteria	Firmicutes	Clostridia	CTRL4-S121	WT	CTRL4	Pancreatic	No	None	Post	Control	191.29	42.01	Neo-Pancreatic	Bacteria_/_Firmicutes_/_Clostridia	2.76808285572314	0.190705062930227	19.0705062930227	4682
Bacteria	Firmicutes	Clostridia	CTRL6-S131	WT	CTRL6	Pancreatic	No	None	Post	Control	191.29	42.01	Neo-Pancreatic	Bacteria_/_Firmicutes_/_Clostridia	2.57403126772772	0.142313546423135	14.2313546423135	2992
Bacteria	Firmicutes	Clostridia	CTRL7-S136	WT	CTRL7	Pancreatic	No	None	Post	Control	191.29	42.01	Neo-Pancreatic	Bacteria_/_Firmicutes_/_Clostridia	2.6936170426895	0.161366891753632	16.1366891753632	3943
Bacteria	Firmicutes	Clostridia	CTRL8-S141	WT	CTRL8	Pancreatic	No	None	Post	Control	191.29	42.01	Neo-Pancreatic	Bacteria_/_Firmicutes_/_Clostridia	2.63283675440363	0.175734577713963	17.5734577713963	3427
Bacteria	Firmicutes	Clostridia	CTRL9-S107	WT	CTRL9	Pancreatic	No	None	Post	Control	191.29	42.01	Neo-Pancreatic	Bacteria_/_Firmicutes_/_Clostridia	2.26892882243261	0.100142286062741	10.0142286062741	1478
Bacteria	Firmicutes	Clostridia	Neo1-S133	WT	Neo1	Pancreatic	No	Neomycin	Post	Neomycin only	NA	NA	Neo-Pancreatic	Bacteria_/_Firmicutes_/_Clostridia	0.138302698166281	0.000264947452088669	0.0264947452088669	3
Bacteria	Firmicutes	Clostridia	Neo2-S138	WT	Neo2	Pancreatic	No	Neomycin	Post	Neomycin only	NA	NA	Neo-Pancreatic	Bacteria_/_Firmicutes_/_Clostridia	2.46501086471741	0.0776679577935088	7.76679577935088	2326
Bacteria	Firmicutes	Clostridia	Neo3-S143	WT	Neo3	Pancreatic	No	Neomycin	Post	Neomycin only	NA	NA	Neo-Pancreatic	Bacteria_/_Firmicutes_/_Clostridia	2.01651103679217	0.0434530095036959	4.34530095036959	823
Bacteria	Firmicutes	Clostridia	Neo4-S109	WT	Neo4	Pancreatic	No	Neomycin	Post	Neomycin only	NA	NA	Neo-Pancreatic	Bacteria_/_Firmicutes_/_Clostridia	1.93069438766454	0.0333911320287342	3.33911320287342	674
Bacteria	Firmicutes	Clostridia	Neo5-S114	WT	Neo5	Pancreatic	No	Neomycin	Post	Neomycin only	NA	NA	Neo-Pancreatic	Bacteria_/_Firmicutes_/_Clostridia	2.12710479836481	0.0425821427142114	4.25821427142114	1064
Bacteria	Firmicutes	Clostridia	Neo6-S119	WT	Neo6	Pancreatic	No	Neomycin	Post	Neomycin only	NA	NA	Neo-Pancreatic	Bacteria_/_Firmicutes_/_Clostridia	2.1042309659308	0.0350907699798289	3.50907699798289	1009
Bacteria	Firmicutes	Clostridia	Neo7-S124	WT	Neo7	Pancreatic	No	Neomycin	Post	Neomycin only	NA	NA	Neo-Pancreatic	Bacteria_/_Firmicutes_/_Clostridia	2.18963065769216	0.0466686902413113	4.66686902413113	1230
Bacteria	Firmicutes	Clostridia	Neo8-S129	WT	Neo8	Pancreatic	No	Neomycin	Post	Neomycin only	NA	NA	Neo-Pancreatic	Bacteria_/_Firmicutes_/_Clostridia	2.17609125905568	0.0437639975033961	4.37639975033961	1192
Bacteria	Firmicutes	Clostridia	Neo9-S134	WT	Neo9	Pancreatic	No	Neomycin	Post	Neomycin only	NA	NA	Neo-Pancreatic	Bacteria_/_Firmicutes_/_Clostridia	2.28696143076726	0.0662681689171755	6.62681689171755	1541
Bacteria	Firmicutes	Clostridia	SMK-Neo1-S139	WT	SMK_Neo1	Pancreatic	Yes	Neomycin	Post	Smoke+Neomycin	198.35	37.94	Neo-Pancreatic	Bacteria_/_Firmicutes_/_Clostridia	2.28160144382566	0.0534410112359551	5.34410112359551	1522
Bacteria	Firmicutes	Clostridia	SMK-Neo3-S110	WT	SMK_Neo3	Pancreatic	Yes	Neomycin	Post	Smoke+Neomycin	198.35	37.94	Neo-Pancreatic	Bacteria_/_Firmicutes_/_Clostridia	2.68585365574807	0.190151217596229	19.0151217596229	3873
Bacteria	Firmicutes	Clostridia	SMK-Neo4-S115	WT	SMK_Neo4	Pancreatic	Yes	Neomycin	Post	Smoke+Neomycin	198.35	37.94	Neo-Pancreatic	Bacteria_/_Firmicutes_/_Clostridia	2.23584395326498	0.0526680260070019	5.26680260070019	1369
Bacteria	Firmicutes	Clostridia	SMK-Neo5-S120	WT	SMK_Neo5	Pancreatic	Yes	Neomycin	Post	Smoke+Neomycin	198.35	37.94	Neo-Pancreatic	Bacteria_/_Firmicutes_/_Clostridia	2.61145776566834	0.173612219915908	17.3612219915908	3262
Bacteria	Firmicutes	Clostridia	SMK-Neo6-S125	WT	SMK_Neo6	Pancreatic	Yes	Neomycin	Post	Smoke+Neomycin	198.35	37.94	Neo-Pancreatic	Bacteria_/_Firmicutes_/_Clostridia	2.94657506848679	0.257329108853199	25.7329108853199	7066
Bacteria	Firmicutes	Clostridia	SMK-Neo7-S130	WT	SMK_Neo7	Pancreatic	Yes	Neomycin	Post	Smoke+Neomycin	198.35	37.94	Neo-Pancreatic	Bacteria_/_Firmicutes_/_Clostridia	1.70113606609253	0.0220975883342681	2.20975883342681	394
Bacteria	Firmicutes	Clostridia	SMK-Neo8-S135	WT	SMK_Neo8	Pancreatic	Yes	Neomycin	Post	Smoke+Neomycin	198.35	37.94	Neo-Pancreatic	Bacteria_/_Firmicutes_/_Clostridia	2.59411619371201	0.134778308175289	13.4778308175289	3134
Bacteria	Firmicutes	Clostridia	SMK1-S117	WT	SMK1	Pancreatic	Yes	None	Post	Smoke only	332.25	70.83	Neo-Pancreatic	Bacteria_/_Firmicutes_/_Clostridia	2.62966439200055	0.206306852637962	20.6306852637962	3402
Bacteria	Firmicutes	Clostridia	SMK10-S123	WT	SMK10	Pancreatic	Yes	None	Post	Smoke only	332.25	70.83	Neo-Pancreatic	Bacteria_/_Firmicutes_/_Clostridia	2.87440933259842	0.257876815654498	25.7876815654498	5983
Bacteria	Firmicutes	Clostridia	SMK11-S128	WT	SMK11	Pancreatic	Yes	None	Post	Smoke only	332.25	70.83	Neo-Pancreatic	Bacteria_/_Firmicutes_/_Clostridia	2.73947345011244	0.18615417286048	18.615417286048	4383
Bacteria	Firmicutes	Clostridia	SMK2-S122	WT	SMK2	Pancreatic	Yes	None	Post	Smoke only	332.25	70.83	Neo-Pancreatic	Bacteria_/_Firmicutes_/_Clostridia	2.88109921838902	0.321753865706418	32.1753865706418	6076
Bacteria	Firmicutes	Clostridia	SMK3-S127	WT	SMK3	Pancreatic	Yes	None	Post	Smoke only	332.25	70.83	Neo-Pancreatic	Bacteria_/_Firmicutes_/_Clostridia	2.46982201597816	0.128041809570472	12.8041809570472	2352
Bacteria	Firmicutes	Clostridia	SMK4-S132	WT	SMK4	Pancreatic	Yes	None	Post	Smoke only	332.25	70.83	Neo-Pancreatic	Bacteria_/_Firmicutes_/_Clostridia	2.4481263583474	0.188776371308017	18.8776371308017	2237
Bacteria	Firmicutes	Clostridia	SMK5-S137	WT	SMK5	Pancreatic	Yes	None	Post	Smoke only	332.25	70.83	Neo-Pancreatic	Bacteria_/_Firmicutes_/_Clostridia	2.48819806160335	0.155700780407335	15.5700780407335	2454
Bacteria	Firmicutes	Clostridia	SMK7-S108	WT	SMK7	Pancreatic	Yes	None	Post	Smoke only	332.25	70.83	Neo-Pancreatic	Bacteria_/_Firmicutes_/_Clostridia	2.6213061351119	0.233568978791909	23.3568978791909	3337
Bacteria	Firmicutes	Clostridia	SMK8-S113	WT	SMK8	Pancreatic	Yes	None	Post	Smoke only	332.25	70.83	Neo-Pancreatic	Bacteria_/_Firmicutes_/_Clostridia	2.82151352840477	0.245902400520035	24.5902400520035	5296
Bacteria	Firmicutes	Clostridia	SMK9-S118	WT	SMK9	Pancreatic	Yes	None	Post	Smoke only	332.25	70.83	Neo-Pancreatic	Bacteria_/_Firmicutes_/_Clostridia	2.68853105122138	0.187202766969304	18.7202766969304	3897
Bacteria	Proteobacteria	Gammaproteobacteria	CTRL1-S106	WT	CTRL1	Pancreatic	No	None	Post	Control	191.29	42.01	Neo-Pancreatic	Bacteria_/_Proteobacteria_/_Gammaproteobacteria	1.4605219929002	0.0094076949038137	0.94076949038137	223
Bacteria	Proteobacteria	Gammaproteobacteria	CTRL10-S112	WT	CTRL10	Pancreatic	No	None	Post	Control	191.29	42.01	Neo-Pancreatic	Bacteria_/_Proteobacteria_/_Gammaproteobacteria	0.860338006570994	0.00256305105597703	0.256305105597703	50
Bacteria	Proteobacteria	Gammaproteobacteria	CTRL2-S111	WT	CTRL2	Pancreatic	No	None	Post	Control	191.29	42.01	Neo-Pancreatic	Bacteria_/_Proteobacteria_/_Gammaproteobacteria	1.23992481326215	0.00661950480040424	0.661950480040424	131
Bacteria	Proteobacteria	Gammaproteobacteria	CTRL3-S116	WT	CTRL3	Pancreatic	No	None	Post	Control	191.29	42.01	Neo-Pancreatic	Bacteria_/_Proteobacteria_/_Gammaproteobacteria	1.02118929906994	0.00286004591126331	0.286004591126331	76
Bacteria	Proteobacteria	Gammaproteobacteria	CTRL4-S121	WT	CTRL4	Pancreatic	No	None	Post	Control	191.29	42.01	Neo-Pancreatic	Bacteria_/_Proteobacteria_/_Gammaproteobacteria	1.41705629911911	0.00818703922447151	0.818703922447151	201
Bacteria	Proteobacteria	Gammaproteobacteria	CTRL6-S131	WT	CTRL6	Pancreatic	No	None	Post	Control	191.29	42.01	Neo-Pancreatic	Bacteria_/_Proteobacteria_/_Gammaproteobacteria	0.653212513775344	0.00133181126331811	0.133181126331811	28
Bacteria	Proteobacteria	Gammaproteobacteria	CTRL7-S136	WT	CTRL7	Pancreatic	No	None	Post	Control	191.29	42.01	Neo-Pancreatic	Bacteria_/_Proteobacteria_/_Gammaproteobacteria	1.70436503622272	0.0162471864129323	1.62471864129323	397
Bacteria	Proteobacteria	Gammaproteobacteria	CTRL8-S141	WT	CTRL8	Pancreatic	No	None	Post	Control	191.29	42.01	Neo-Pancreatic	Bacteria_/_Proteobacteria_/_Gammaproteobacteria	1.13433651094868	0.0051792215783806	0.51792215783806	101
Bacteria	Proteobacteria	Gammaproteobacteria	CTRL9-S107	WT	CTRL9	Pancreatic	No	None	Post	Control	191.29	42.01	Neo-Pancreatic	Bacteria_/_Proteobacteria_/_Gammaproteobacteria	0.511883360978874	0.00121959482349753	0.121959482349753	18
Bacteria	Proteobacteria	Gammaproteobacteria	Neo1-S133	WT	Neo1	Pancreatic	No	Neomycin	Post	Neomycin only	NA	NA	Neo-Pancreatic	Bacteria_/_Proteobacteria_/_Gammaproteobacteria	0	0	0	0
Bacteria	Proteobacteria	Gammaproteobacteria	Neo2-S138	WT	Neo2	Pancreatic	No	Neomycin	Post	Neomycin only	NA	NA	Neo-Pancreatic	Bacteria_/_Proteobacteria_/_Gammaproteobacteria	0.977723605288848	0.00227060237745425	0.227060237745425	68
Bacteria	Proteobacteria	Gammaproteobacteria	Neo3-S143	WT	Neo3	Pancreatic	No	Neomycin	Post	Neomycin only	NA	NA	Neo-Pancreatic	Bacteria_/_Proteobacteria_/_Gammaproteobacteria	0.916453948549925	0.0030623020063358	0.30623020063358	58
Bacteria	Proteobacteria	Gammaproteobacteria	Neo4-S109	WT	Neo4	Pancreatic	No	Neomycin	Post	Neomycin only	NA	NA	Neo-Pancreatic	Bacteria_/_Proteobacteria_/_Gammaproteobacteria	0.698970004336019	0.00158533564528115	0.158533564528115	32
Bacteria	Proteobacteria	Gammaproteobacteria	Neo5-S114	WT	Neo5	Pancreatic	No	Neomycin	Post	Neomycin only	NA	NA	Neo-Pancreatic	Bacteria_/_Proteobacteria_/_Gammaproteobacteria	0.709693869727792	0.0013206867571137	0.13206867571137	33
Bacteria	Proteobacteria	Gammaproteobacteria	Neo6-S119	WT	Neo6	Pancreatic	No	Neomycin	Post	Neomycin only	NA	NA	Neo-Pancreatic	Bacteria_/_Proteobacteria_/_Gammaproteobacteria	1.06539296156199	0.00295611045419768	0.295611045419768	85
Bacteria	Proteobacteria	Gammaproteobacteria	Neo7-S124	WT	Neo7	Pancreatic	No	Neomycin	Post	Neomycin only	NA	NA	Neo-Pancreatic	Bacteria_/_Proteobacteria_/_Gammaproteobacteria	0	0	0	0
Bacteria	Proteobacteria	Gammaproteobacteria	Neo8-S129	WT	Neo8	Pancreatic	No	Neomycin	Post	Neomycin only	NA	NA	Neo-Pancreatic	Bacteria_/_Proteobacteria_/_Gammaproteobacteria	0.559308010907013	0.000771010023130301	0.0771010023130301	21
Bacteria	Proteobacteria	Gammaproteobacteria	Neo9-S134	WT	Neo9	Pancreatic	No	Neomycin	Post	Neomycin only	NA	NA	Neo-Pancreatic	Bacteria_/_Proteobacteria_/_Gammaproteobacteria	0.730378468587643	0.00150511739915713	0.150511739915713	35
Bacteria	Proteobacteria	Gammaproteobacteria	SMK-Neo1-S139	WT	SMK_Neo1	Pancreatic	Yes	Neomycin	Post	Smoke+Neomycin	198.35	37.94	Neo-Pancreatic	Bacteria_/_Proteobacteria_/_Gammaproteobacteria	0.243038048686294	0.000210674157303371	0.0210674157303371	6
Bacteria	Proteobacteria	Gammaproteobacteria	SMK-Neo3-S110	WT	SMK_Neo3	Pancreatic	Yes	Neomycin	Post	Smoke+Neomycin	198.35	37.94	Neo-Pancreatic	Bacteria_/_Proteobacteria_/_Gammaproteobacteria	0.397940008672038	0.000589159465828751	0.0589159465828751	12
Bacteria	Proteobacteria	Gammaproteobacteria	SMK-Neo4-S115	WT	SMK_Neo4	Pancreatic	Yes	Neomycin	Post	Smoke+Neomycin	198.35	37.94	Neo-Pancreatic	Bacteria_/_Proteobacteria_/_Gammaproteobacteria	0	0	0	0
Bacteria	Proteobacteria	Gammaproteobacteria	SMK-Neo5-S120	WT	SMK_Neo5	Pancreatic	Yes	Neomycin	Post	Smoke+Neomycin	198.35	37.94	Neo-Pancreatic	Bacteria_/_Proteobacteria_/_Gammaproteobacteria	0.352182518111362	0.000532226302623876	0.0532226302623876	10
Bacteria	Proteobacteria	Gammaproteobacteria	SMK-Neo6-S125	WT	SMK_Neo6	Pancreatic	Yes	Neomycin	Post	Smoke+Neomycin	198.35	37.94	Neo-Pancreatic	Bacteria_/_Proteobacteria_/_Gammaproteobacteria	0.419129307741976	0.000473433118467533	0.0473433118467533	13
Bacteria	Proteobacteria	Gammaproteobacteria	SMK-Neo7-S130	WT	SMK_Neo7	Pancreatic	Yes	Neomycin	Post	Smoke+Neomycin	198.35	37.94	Neo-Pancreatic	Bacteria_/_Proteobacteria_/_Gammaproteobacteria	0.301029995663981	0.000448681996634885	0.0448681996634885	8
Bacteria	Proteobacteria	Gammaproteobacteria	SMK-Neo8-S135	WT	SMK_Neo8	Pancreatic	Yes	Neomycin	Post	Smoke+Neomycin	198.35	37.94	Neo-Pancreatic	Bacteria_/_Proteobacteria_/_Gammaproteobacteria	0	0	0	0
Bacteria	Proteobacteria	Gammaproteobacteria	SMK1-S117	WT	SMK1	Pancreatic	Yes	None	Post	Smoke only	332.25	70.83	Neo-Pancreatic	Bacteria_/_Proteobacteria_/_Gammaproteobacteria	1.4432629874587	0.0129775621588842	1.29775621588842	214
Bacteria	Proteobacteria	Gammaproteobacteria	SMK10-S123	WT	SMK10	Pancreatic	Yes	None	Post	Smoke only	332.25	70.83	Neo-Pancreatic	Bacteria_/_Proteobacteria_/_Gammaproteobacteria	1.64345267648619	0.0148269471143485	1.48269471143485	344
Bacteria	Proteobacteria	Gammaproteobacteria	SMK11-S128	WT	SMK11	Pancreatic	Yes	None	Post	Smoke only	332.25	70.83	Neo-Pancreatic	Bacteria_/_Proteobacteria_/_Gammaproteobacteria	0.929418925714293	0.00254831174346995	0.254831174346995	60
Bacteria	Proteobacteria	Gammaproteobacteria	SMK2-S122	WT	SMK2	Pancreatic	Yes	None	Post	Smoke only	332.25	70.83	Neo-Pancreatic	Bacteria_/_Proteobacteria_/_Gammaproteobacteria	1.16136800223497	0.00571912730353739	0.571912730353739	108
Bacteria	Proteobacteria	Gammaproteobacteria	SMK3-S127	WT	SMK3	Pancreatic	Yes	None	Post	Smoke only	332.25	70.83	Neo-Pancreatic	Bacteria_/_Proteobacteria_/_Gammaproteobacteria	0.852784868680548	0.00266753769938483	0.266753769938483	49
Bacteria	Proteobacteria	Gammaproteobacteria	SMK4-S132	WT	SMK4	Pancreatic	Yes	None	Post	Smoke only	332.25	70.83	Neo-Pancreatic	Bacteria_/_Proteobacteria_/_Gammaproteobacteria	0	0	0	0
Bacteria	Proteobacteria	Gammaproteobacteria	SMK5-S137	WT	SMK5	Pancreatic	Yes	None	Post	Smoke only	332.25	70.83	Neo-Pancreatic	Bacteria_/_Proteobacteria_/_Gammaproteobacteria	0.477121254719662	0.00101516401243576	0.101516401243576	16
Bacteria	Proteobacteria	Gammaproteobacteria	SMK7-S108	WT	SMK7	Pancreatic	Yes	None	Post	Smoke only	332.25	70.83	Neo-Pancreatic	Bacteria_/_Proteobacteria_/_Gammaproteobacteria	1.0836817472743	0.00622943935045846	0.622943935045846	89
Bacteria	Proteobacteria	Gammaproteobacteria	SMK8-S113	WT	SMK8	Pancreatic	Yes	None	Post	Smoke only	332.25	70.83	Neo-Pancreatic	Bacteria_/_Proteobacteria_/_Gammaproteobacteria	1.74527002398899	0.0202906625806751	2.02906625806751	437
Bacteria	Proteobacteria	Gammaproteobacteria	SMK9-S118	WT	SMK9	Pancreatic	Yes	None	Post	Smoke only	332.25	70.83	Neo-Pancreatic	Bacteria_/_Proteobacteria_/_Gammaproteobacteria	1.44715803134222	0.0103761348897536	1.03761348897536	216
Bacteria	Verrucomicrobiota	Verrucomicrobiae	CTRL1-S106	WT	CTRL1	Pancreatic	No	None	Post	Control	191.29	42.01	Neo-Pancreatic	Bacteria_/_Verrucomicrobiota_/_Verrucomicrobiae	1.38246732201583	0.00780458994262572	0.780458994262572	185
Bacteria	Verrucomicrobiota	Verrucomicrobiae	CTRL10-S112	WT	CTRL10	Pancreatic	No	None	Post	Control	191.29	42.01	Neo-Pancreatic	Bacteria_/_Verrucomicrobiota_/_Verrucomicrobiae	1.43136376415899	0.0106622923928645	1.06622923928645	208
Bacteria	Verrucomicrobiota	Verrucomicrobiae	CTRL2-S111	WT	CTRL2	Pancreatic	No	None	Post	Control	191.29	42.01	Neo-Pancreatic	Bacteria_/_Verrucomicrobiota_/_Verrucomicrobiae	1.17969538332451	0.0057099545224861	0.57099545224861	113
Bacteria	Verrucomicrobiota	Verrucomicrobiae	CTRL3-S116	WT	CTRL3	Pancreatic	No	None	Post	Control	191.29	42.01	Neo-Pancreatic	Bacteria_/_Verrucomicrobiota_/_Verrucomicrobiae	1.03140846425162	0.00293531027734919	0.293531027734919	78
Bacteria	Verrucomicrobiota	Verrucomicrobiae	CTRL4-S121	WT	CTRL4	Pancreatic	No	None	Post	Control	191.29	42.01	Neo-Pancreatic	Bacteria_/_Verrucomicrobiota_/_Verrucomicrobiae	1.04139268515822	0.00325852307441652	0.325852307441652	80
Bacteria	Verrucomicrobiota	Verrucomicrobiae	CTRL6-S131	WT	CTRL6	Pancreatic	No	None	Post	Control	191.29	42.01	Neo-Pancreatic	Bacteria_/_Verrucomicrobiota_/_Verrucomicrobiae	1.08813608870055	0.00428082191780822	0.428082191780822	90
Bacteria	Verrucomicrobiota	Verrucomicrobiae	CTRL7-S136	WT	CTRL7	Pancreatic	No	None	Post	Control	191.29	42.01	Neo-Pancreatic	Bacteria_/_Verrucomicrobiota_/_Verrucomicrobiae	1.07918124604762	0.00360139144669531	0.360139144669531	88
Bacteria	Verrucomicrobiota	Verrucomicrobiae	CTRL8-S141	WT	CTRL8	Pancreatic	No	None	Post	Control	191.29	42.01	Neo-Pancreatic	Bacteria_/_Verrucomicrobiota_/_Verrucomicrobiae	1.21085336531489	0.00625608943131121	0.625608943131121	122
Bacteria	Verrucomicrobiota	Verrucomicrobiae	CTRL9-S107	WT	CTRL9	Pancreatic	No	None	Post	Control	191.29	42.01	Neo-Pancreatic	Bacteria_/_Verrucomicrobiota_/_Verrucomicrobiae	1.14612803567824	0.00704654786909682	0.704654786909682	104
Bacteria	Verrucomicrobiota	Verrucomicrobiae	Neo1-S133	WT	Neo1	Pancreatic	No	Neomycin	Post	Neomycin only	NA	NA	Neo-Pancreatic	Bacteria_/_Verrucomicrobiota_/_Verrucomicrobiae	0.994537104298498	0.00627042303276517	0.627042303276517	71
Bacteria	Verrucomicrobiota	Verrucomicrobiae	Neo2-S138	WT	Neo2	Pancreatic	No	Neomycin	Post	Neomycin only	NA	NA	Neo-Pancreatic	Bacteria_/_Verrucomicrobiota_/_Verrucomicrobiae	2.12831847725968	0.0356284225991719	3.56284225991719	1067
Bacteria	Verrucomicrobiota	Verrucomicrobiae	Neo3-S143	WT	Neo3	Pancreatic	No	Neomycin	Post	Neomycin only	NA	NA	Neo-Pancreatic	Bacteria_/_Verrucomicrobiota_/_Verrucomicrobiae	1.82607480270083	0.0278775079197466	2.78775079197466	528
Bacteria	Verrucomicrobiota	Verrucomicrobiae	Neo4-S109	WT	Neo4	Pancreatic	No	Neomycin	Post	Neomycin only	NA	NA	Neo-Pancreatic	Bacteria_/_Verrucomicrobiota_/_Verrucomicrobiae	1.86702530779516	0.0287837503096359	2.87837503096359	581
Bacteria	Verrucomicrobiota	Verrucomicrobiae	Neo5-S114	WT	Neo5	Pancreatic	No	Neomycin	Post	Neomycin only	NA	NA	Neo-Pancreatic	Bacteria_/_Verrucomicrobiota_/_Verrucomicrobiae	1.81123977275329	0.0204106135190299	2.04106135190299	510
Bacteria	Verrucomicrobiota	Verrucomicrobiae	Neo6-S119	WT	Neo6	Pancreatic	No	Neomycin	Post	Neomycin only	NA	NA	Neo-Pancreatic	Bacteria_/_Verrucomicrobiota_/_Verrucomicrobiae	2.00432137378264	0.0278222160395075	2.78222160395075	800
Bacteria	Verrucomicrobiota	Verrucomicrobiae	Neo7-S124	WT	Neo7	Pancreatic	No	Neomycin	Post	Neomycin only	NA	NA	Neo-Pancreatic	Bacteria_/_Verrucomicrobiota_/_Verrucomicrobiae	1.68797462003456	0.014493853392017	1.4493853392017	382
Bacteria	Verrucomicrobiota	Verrucomicrobiae	Neo8-S129	WT	Neo8	Pancreatic	No	Neomycin	Post	Neomycin only	NA	NA	Neo-Pancreatic	Bacteria_/_Verrucomicrobiota_/_Verrucomicrobiae	2.01911629044707	0.0303998237691376	3.03998237691376	828
Bacteria	Verrucomicrobiota	Verrucomicrobiae	Neo9-S134	WT	Neo9	Pancreatic	No	Neomycin	Post	Neomycin only	NA	NA	Neo-Pancreatic	Bacteria_/_Verrucomicrobiota_/_Verrucomicrobiae	1.97543180850926	0.032166508987701	3.2166508987701	748
Bacteria	Verrucomicrobiota	Verrucomicrobiae	SMK-Neo1-S139	WT	SMK_Neo1	Pancreatic	Yes	Neomycin	Post	Smoke+Neomycin	198.35	37.94	Neo-Pancreatic	Bacteria_/_Verrucomicrobiota_/_Verrucomicrobiae	1.07003786660776	0.00301966292134831	0.301966292134831	86
Bacteria	Verrucomicrobiota	Verrucomicrobiae	SMK-Neo3-S110	WT	SMK_Neo3	Pancreatic	Yes	Neomycin	Post	Smoke+Neomycin	198.35	37.94	Neo-Pancreatic	Bacteria_/_Verrucomicrobiota_/_Verrucomicrobiae	1.58827170684233	0.0148271798900236	1.48271798900236	302
Bacteria	Verrucomicrobiota	Verrucomicrobiae	SMK-Neo4-S115	WT	SMK_Neo4	Pancreatic	Yes	Neomycin	Post	Smoke+Neomycin	198.35	37.94	Neo-Pancreatic	Bacteria_/_Verrucomicrobiota_/_Verrucomicrobiae	1.4605219929002	0.00857923287038818	0.857923287038818	223
Bacteria	Verrucomicrobiota	Verrucomicrobiae	SMK-Neo5-S120	WT	SMK_Neo5	Pancreatic	Yes	Neomycin	Post	Smoke+Neomycin	198.35	37.94	Neo-Pancreatic	Bacteria_/_Verrucomicrobiota_/_Verrucomicrobiae	1.40654018043396	0.010431635531428	1.0431635531428	196
Bacteria	Verrucomicrobiota	Verrucomicrobiae	SMK-Neo6-S125	WT	SMK_Neo6	Pancreatic	Yes	Neomycin	Post	Smoke+Neomycin	198.35	37.94	Neo-Pancreatic	Bacteria_/_Verrucomicrobiota_/_Verrucomicrobiae	2.23710369158669	0.0500018208966095	5.00018208966095	1373
Bacteria	Verrucomicrobiota	Verrucomicrobiae	SMK-Neo7-S130	WT	SMK_Neo7	Pancreatic	Yes	Neomycin	Post	Smoke+Neomycin	198.35	37.94	Neo-Pancreatic	Bacteria_/_Verrucomicrobiota_/_Verrucomicrobiae	1.92685670894969	0.0374649467190129	3.74649467190129	668
Bacteria	Verrucomicrobiota	Verrucomicrobiae	SMK-Neo8-S135	WT	SMK_Neo8	Pancreatic	Yes	Neomycin	Post	Smoke+Neomycin	198.35	37.94	Neo-Pancreatic	Bacteria_/_Verrucomicrobiota_/_Verrucomicrobiae	1.89139805966723	0.0264482002322281	2.64482002322281	615
Bacteria	Verrucomicrobiota	Verrucomicrobiae	SMK1-S117	WT	SMK1	Pancreatic	Yes	None	Post	Smoke only	332.25	70.83	Neo-Pancreatic	Bacteria_/_Verrucomicrobiota_/_Verrucomicrobiae	1.14998845649148	0.00636749545178896	0.636749545178896	105
Bacteria	Verrucomicrobiota	Verrucomicrobiae	SMK10-S123	WT	SMK10	Pancreatic	Yes	None	Post	Smoke only	332.25	70.83	Neo-Pancreatic	Bacteria_/_Verrucomicrobiota_/_Verrucomicrobiae	0.922984815708883	0.00254299383647257	0.254299383647257	59
Bacteria	Verrucomicrobiota	Verrucomicrobiae	SMK11-S128	WT	SMK11	Pancreatic	Yes	None	Post	Smoke only	332.25	70.83	Neo-Pancreatic	Bacteria_/_Verrucomicrobiota_/_Verrucomicrobiae	1.56080300199396	0.0120195370566999	1.20195370566999	283
Bacteria	Verrucomicrobiota	Verrucomicrobiae	SMK2-S122	WT	SMK2	Pancreatic	Yes	None	Post	Smoke only	332.25	70.83	Neo-Pancreatic	Bacteria_/_Verrucomicrobiota_/_Verrucomicrobiae	1.20071373396401	0.00630163101037916	0.630163101037916	119
Bacteria	Verrucomicrobiota	Verrucomicrobiae	SMK3-S127	WT	SMK3	Pancreatic	Yes	None	Post	Smoke only	332.25	70.83	Neo-Pancreatic	Bacteria_/_Verrucomicrobiota_/_Verrucomicrobiae	1.0746336182969	0.00473624040503021	0.473624040503021	87
Bacteria	Verrucomicrobiota	Verrucomicrobiae	SMK4-S132	WT	SMK4	Pancreatic	Yes	None	Post	Smoke only	332.25	70.83	Neo-Pancreatic	Bacteria_/_Verrucomicrobiota_/_Verrucomicrobiae	0	0	0	0
Bacteria	Verrucomicrobiota	Verrucomicrobiae	SMK5-S137	WT	SMK5	Pancreatic	Yes	None	Post	Smoke only	332.25	70.83	Neo-Pancreatic	Bacteria_/_Verrucomicrobiota_/_Verrucomicrobiae	1.16509587475422	0.00691580483471861	0.691580483471861	109
Bacteria	Verrucomicrobiota	Verrucomicrobiae	SMK7-S108	WT	SMK7	Pancreatic	Yes	None	Post	Smoke only	332.25	70.83	Neo-Pancreatic	Bacteria_/_Verrucomicrobiota_/_Verrucomicrobiae	0.795880017344075	0.00293973542381186	0.293973542381186	42
Bacteria	Verrucomicrobiota	Verrucomicrobiae	SMK8-S113	WT	SMK8	Pancreatic	Yes	None	Post	Smoke only	332.25	70.83	Neo-Pancreatic	Bacteria_/_Verrucomicrobiota_/_Verrucomicrobiae	1.46239799789896	0.0104007057621767	1.04007057621767	224
Bacteria	Verrucomicrobiota	Verrucomicrobiae	SMK9-S118	WT	SMK9	Pancreatic	Yes	None	Post	Smoke only	332.25	70.83	Neo-Pancreatic	Bacteria_/_Verrucomicrobiota_/_Verrucomicrobiae	1.07918124604762	0.00422731421434405	0.422731421434405	88
Other	Other	Other	CTRL1-S106	WT	CTRL1	Pancreatic	No	None	Post	Control	191.29	42.01	Neo-Pancreatic	Other_/_Other_/_Other	1.67209785793572	0.0155248059399258	1.55248059399258	368
Other	Other	Other	CTRL10-S112	WT	CTRL10	Pancreatic	No	None	Post	Control	191.29	42.01	Neo-Pancreatic	Other_/_Other_/_Other	1.53147891704226	0.0135329095755587	1.35329095755587	264
Other	Other	Other	CTRL2-S111	WT	CTRL2	Pancreatic	No	None	Post	Control	191.29	42.01	Neo-Pancreatic	Other_/_Other_/_Other	1.47348697006457	0.011622031328954	1.1622031328954	230
Other	Other	Other	CTRL3-S116	WT	CTRL3	Pancreatic	No	None	Post	Control	191.29	42.01	Neo-Pancreatic	Other_/_Other_/_Other	1.92621378583908	0.0251006660896399	2.51006660896399	667
Other	Other	Other	CTRL4-S121	WT	CTRL4	Pancreatic	No	None	Post	Control	191.29	42.01	Neo-Pancreatic	Other_/_Other_/_Other	2.0796334006766	0.0388171561239868	3.88171561239868	953
Other	Other	Other	CTRL6-S131	WT	CTRL6	Pancreatic	No	None	Post	Control	191.29	42.01	Neo-Pancreatic	Other_/_Other_/_Other	1.96672822098738	0.0348649162861492	3.48649162861492	733
Other	Other	Other	CTRL7-S136	WT	CTRL7	Pancreatic	No	None	Post	Control	191.29	42.01	Neo-Pancreatic	Other_/_Other_/_Other	2.04727486738418	0.0361776140781666	3.61776140781666	884
Other	Other	Other	CTRL8-S141	WT	CTRL8	Pancreatic	No	None	Post	Control	191.29	42.01	Neo-Pancreatic	Other_/_Other_/_Other	1.56525734342021	0.0146659145684837	1.46659145684837	286
Other	Other	Other	CTRL9-S107	WT	CTRL9	Pancreatic	No	None	Post	Control	191.29	42.01	Neo-Pancreatic	Other_/_Other_/_Other	1.7606109383977	0.0306931363913544	3.06931363913544	453
Other	Other	Other	Neo1-S133	WT	Neo1	Pancreatic	No	Neomycin	Post	Neomycin only	NA	NA	Neo-Pancreatic	Other_/_Other_/_Other	0	0	0	0
Other	Other	Other	Neo2-S138	WT	Neo2	Pancreatic	No	Neomycin	Post	Neomycin only	NA	NA	Neo-Pancreatic	Other_/_Other_/_Other	0.676693609624867	0.00100173634299452	0.100173634299452	30
Other	Other	Other	Neo3-S143	WT	Neo3	Pancreatic	No	Neomycin	Post	Neomycin only	NA	NA	Neo-Pancreatic	Other_/_Other_/_Other	1.43336974685659	0.0110348468848997	1.10348468848997	209
Other	Other	Other	Neo4-S109	WT	Neo4	Pancreatic	No	Neomycin	Post	Neomycin only	NA	NA	Neo-Pancreatic	Other_/_Other_/_Other	0.273001272063738	0.000346792172405251	0.0346792172405251	7
Other	Other	Other	Neo5-S114	WT	Neo5	Pancreatic	No	Neomycin	Post	Neomycin only	NA	NA	Neo-Pancreatic	Other_/_Other_/_Other	0.528273777167044	0.000760395405610918	0.0760395405610918	19
Other	Other	Other	Neo6-S119	WT	Neo6	Pancreatic	No	Neomycin	Post	Neomycin only	NA	NA	Neo-Pancreatic	Other_/_Other_/_Other	1.5578078557646	0.00977255338387703	0.977255338387703	281
Other	Other	Other	Neo7-S124	WT	Neo7	Pancreatic	No	Neomycin	Post	Neomycin only	NA	NA	Neo-Pancreatic	Other_/_Other_/_Other	0.419129307741976	0.000493246319623615	0.0493246319623615	13
Other	Other	Other	Neo8-S129	WT	Neo8	Pancreatic	No	Neomycin	Post	Neomycin only	NA	NA	Neo-Pancreatic	Other_/_Other_/_Other	0.458637849025649	0.000550721445093072	0.0550721445093072	15
Other	Other	Other	Neo9-S134	WT	Neo9	Pancreatic	No	Neomycin	Post	Neomycin only	NA	NA	Neo-Pancreatic	Other_/_Other_/_Other	1.63220413305083	0.0144061236776469	1.44061236776469	335
Other	Other	Other	SMK-Neo1-S139	WT	SMK_Neo1	Pancreatic	Yes	Neomycin	Post	Smoke+Neomycin	198.35	37.94	Neo-Pancreatic	Other_/_Other_/_Other	1.20071373396401	0.00417837078651685	0.417837078651685	119
Other	Other	Other	SMK-Neo3-S110	WT	SMK_Neo3	Pancreatic	Yes	Neomycin	Post	Smoke+Neomycin	198.35	37.94	Neo-Pancreatic	Other_/_Other_/_Other	1.67554922297613	0.0182148468185389	1.82148468185389	371
Other	Other	Other	SMK-Neo4-S115	WT	SMK_Neo4	Pancreatic	Yes	Neomycin	Post	Smoke+Neomycin	198.35	37.94	Neo-Pancreatic	Other_/_Other_/_Other	1.12221587827283	0.00377024583541723	0.377024583541723	98
Other	Other	Other	SMK-Neo5-S120	WT	SMK_Neo5	Pancreatic	Yes	Neomycin	Post	Smoke+Neomycin	198.35	37.94	Neo-Pancreatic	Other_/_Other_/_Other	1.34488327936986	0.0089946245143435	0.89946245143435	169
Other	Other	Other	SMK-Neo6-S125	WT	SMK_Neo6	Pancreatic	Yes	Neomycin	Post	Smoke+Neomycin	198.35	37.94	Neo-Pancreatic	Other_/_Other_/_Other	1.91248776133232	0.0235259841946174	2.35259841946174	646
Other	Other	Other	SMK-Neo7-S130	WT	SMK_Neo7	Pancreatic	Yes	Neomycin	Post	Smoke+Neomycin	198.35	37.94	Neo-Pancreatic	Other_/_Other_/_Other	1.03140846425162	0.00437464946719013	0.437464946719013	78
Other	Other	Other	SMK-Neo8-S135	WT	SMK_Neo8	Pancreatic	Yes	Neomycin	Post	Smoke+Neomycin	198.35	37.94	Neo-Pancreatic	Other_/_Other_/_Other	1.78175537465247	0.0204704769277083	2.04704769277083	476
Other	Other	Other	SMK1-S117	WT	SMK1	Pancreatic	Yes	None	Post	Smoke only	332.25	70.83	Neo-Pancreatic	Other_/_Other_/_Other	1.53624270683832	0.0161916312916919	1.61916312916919	267
Other	Other	Other	SMK10-S123	WT	SMK10	Pancreatic	Yes	None	Post	Smoke only	332.25	70.83	Neo-Pancreatic	Other_/_Other_/_Other	1.65561858354122	0.0152579630188354	1.52579630188354	354
Other	Other	Other	SMK11-S128	WT	SMK11	Pancreatic	Yes	None	Post	Smoke only	332.25	70.83	Neo-Pancreatic	Other_/_Other_/_Other	2.17464119266045	0.050456572520705	5.0456572520705	1188
Other	Other	Other	SMK2-S122	WT	SMK2	Pancreatic	Yes	None	Post	Smoke only	332.25	70.83	Neo-Pancreatic	Other_/_Other_/_Other	1.67440181284528	0.0195933065028596	1.95933065028596	370
Other	Other	Other	SMK3-S127	WT	SMK3	Pancreatic	Yes	None	Post	Smoke only	332.25	70.83	Neo-Pancreatic	Other_/_Other_/_Other	1.91513590662201	0.0353857041755131	3.53857041755131	650
Other	Other	Other	SMK4-S132	WT	SMK4	Pancreatic	Yes	None	Post	Smoke only	332.25	70.83	Neo-Pancreatic	Other_/_Other_/_Other	1.78265175161032	0.040253164556962	4.0253164556962	477
Other	Other	Other	SMK5-S137	WT	SMK5	Pancreatic	Yes	None	Post	Smoke only	332.25	70.83	Neo-Pancreatic	Other_/_Other_/_Other	2.12831847725968	0.0676987500793097	6.76987500793097	1067
Other	Other	Other	SMK7-S108	WT	SMK7	Pancreatic	Yes	None	Post	Smoke only	332.25	70.83	Neo-Pancreatic	Other_/_Other_/_Other	1.70221505914917	0.0276475117239448	2.76475117239448	395
Other	Other	Other	SMK8-S113	WT	SMK8	Pancreatic	Yes	None	Post	Smoke only	332.25	70.83	Neo-Pancreatic	Other_/_Other_/_Other	1.40654018043396	0.00910061754190463	0.910061754190463	196
Other	Other	Other	SMK9-S118	WT	SMK9	Pancreatic	Yes	None	Post	Smoke only	332.25	70.83	Neo-Pancreatic	Other_/_Other_/_Other	1.86257856776707	0.0276216553778162	2.76216553778162	575
